word	pos	cat	area	english	korean_def	hanja_or_note
하다	verb/adj	word	태초마을	to do	무엇을 해요.	
오박사	noun	word	태초마을	Professor Oak — Pokémon professor	포켓몬 연구소의 박사님이에요.	
되다	verb/adj	word	태초마을	to become	어떤 것으로 바뀌어요.	
안	noun/adv	word	태초마을	not; inside	'아니'의 줄임말. 하지 않아요·속.	
가다	verb/adj	word	태초마을	to go	다른 곳으로 움직여요.	
없다	verb/adj	word	태초마을	to not exist, lack	있지 않아요.	
배틀	noun	tech	태초마을	battle	포켓몬끼리 싸우는 것.	
같다	verb/adj	word	태초마을	to be the same	다르지 않아요.	
강하다	verb/adj	word	태초마을	to be strong	힘이 세요.	强하다
보이다	verb/adj	word	태초마을	to be seen	눈에 들어와요.	
잘	noun/adv	word	태초마을	well	좋게, 훌륭하게.	
듣다	verb/adj	word	태초마을	to listen, hear		
말	noun/adv	word	태초마을	word; horse	사람이 하는 이야기예요. · 동물 말	
물건	noun/adv	word	태초마을	thing; item	만들거나 쓰는 것이에요.	物件
잠깐	noun/adv	word	태초마을	a moment	아주 짧은 시간.	
키우다	verb/adj	word	태초마을	to raise; grow	길러서 크게 해요.	
기다리다	verb	word	태초마을	to wait	올 때까지 있어요.	
넘치다	verb	word	태초마을	to overflow, be full of	너무 많아서 밖으로 나와요.	
때	noun/adv	word	태초마을	time, when	어떤 시간.	
알다	verb/adj	word	태초마을	to know	어떤 것을 머리로 이해하고 있어요.	
회색	noun	word	태초마을	gray	흰색과 검은색 사이 색.	灰色
남	noun/adv	word	태초마을	others	내가 아닌 다른 사람.	
마리	noun/adv	word	태초마을	counter (animals)	동물을 세는 말이에요.	
버리다	verb/adj	word	태초마을	to throw away	필요 없어서 던져요. · '-어 버리다'	
색	noun/adv	word	태초마을	color	빛깔.	
와	noun/adv	word	태초마을	wow	놀라거나 좋을 때 내는 소리.	
줄	noun/adv	word	태초마을	rope; line	긴 끈 · 사람들이 선 모양.	
갖다	verb	word	태초마을	to take; to have	가지고. '갖다주다'는 가져다줘요.	
계시다	verb	word	태초마을	to be (honorific)	'있다'의 높임말.	
나가다	verb/adj	word	태초마을	to go out	안에서 밖으로 가요.	
도움	noun	word	태초마을	help	남을 돕는 것이에요.	
바로	adverb	word	태초마을	right away	곧, 금방이에요.	
상대	noun/adv	word	태초마을	opponent, partner	같이 싸우거나 이야기하는 사람.	相對
쉬다	verb/adj	word	태초마을	to breathe; to rest	숨을 들이쉬고 내쉬어요 · 쉬어요.	
싶다	verb	word	태초마을	to want to	-고 싶다: 원해요.	
여행	noun	word	태초마을	travel, trip	다른 곳에 가서 구경하는 일.	旅行
적다	verb/adj	word	태초마을	to be few; to write	수가 많지 않아요 · 글로 써요.	
짐	noun/adv	word	태초마을	luggage	가지고 가는 물건.	
치료제	noun	word	태초마을	remedy, cure	병이나 상처를 낫게 하는 약.	治療劑
가방	noun/adv	word	태초마을	bag	물건을 넣어 들고 다니는 것.	
게시판	noun	word	태초마을	bulletin board	알릴 글을 붙이는 판이에요.	揭示板
그림	noun/adv	word	태초마을	picture, drawing	그려서 만든 것.	
꼬부기	noun	mon	태초마을	Squirtle		
남다	verb	tech	태초마을	to remain, stay	다 쓰지 않고 있어요. 머물러요.	
노트	noun/adv	word	태초마을	notebook, notes	글을 쓰는 공책.	
늘리다	verb	word	태초마을	to increase (something)	수나 양을 많게 해요.	
달다	verb/adj	word	태초마을	to be sweet	설탕 맛이에요.	
도망	noun	tech	태초마을	running away	무서워서 피해 달아나는 것.	逃亡
들이다	verb	word	태초마을	to let in	안으로 들어오게 해요.	
마비	noun	word	태초마을	paralysis	몸이 저려서 잘 못 움직여요.	痲痺
메뉴	noun/adv	word	태초마을	menu	식당이나 카페에서 파는 음식 목록.	
물	noun/adv	word	태초마을	water	마시는 투명한 것이에요.	
부족	noun/adv	word	태초마을	shortage, lack	모자라서 충분하지 않아요.	
살다	verb/adj	word	태초마을	to live	목숨이 있어요 · 어디에서 지내요.	
세상	noun	word	태초마을	the world	사람들이 사는 곳 모두.	世上
시스템	noun	word	태초마을	system	여러 부분이 같이 움직이는 틀.	
아빠	noun	word	태초마을	dad	'아버지'를 친하게 부르는 말.	
약하다	verb/adj	word	태초마을	to be weak, mild	힘이나 맛이 세지 않아요.	弱하다
엄청	adverb	word	태초마을	really, hugely	아주 많이.	
예쁘다	adjective	word	태초마을	to be pretty	보기에 좋아요. 귀여워요.	
움직이다	verb/adj	word	태초마을	to move	자리나 모양이 바뀌어요.	
위하다	verb/adj	word	태초마을	for (the sake of)	~에게 도움이 되게 해요.	爲하다
이상해씨	noun	mon	태초마을	Bulbasaur		
자신	noun/adv	word	태초마을	confidence	잘할 수 있다고 믿는 마음이에요.	自身
장소	noun/adv	word	태초마을	place	어떤 곳.	場所
정말	adverb/noun	word	태초마을	really	진짜로.	正말
좀	noun/adv	word	태초마을	a little; please	조금 · 부탁할 때 쓰는 말.	
지치다	verb/adj	word	태초마을	to be exhausted	힘이 다 없어요.	
치다	verb/adj	word	태초마을	worth of; to hit	그만큼의 양·(공을) 때려요.	
파이리	noun	mon	태초마을	Charmander		
피카츄	root/morpheme	root	태초마을	Pikachu — Pokémon	노란 전기 쥐 포켓몬이에요.	From 피츄 (Pichu)
간판	noun	word	태초마을	signboard	가게 이름을 써서 단 판.	看板
걷다	verb/adj	word	태초마을	to walk	발로 한 걸음씩 가요.	
경비원	noun	word	태초마을	security guard	건물을 지키는 사람.	警備員
고프다	verb/adj	word	태초마을	to be hungry	배가 비어서 먹고 싶어요.	
공격	noun	word	태초마을	attack	먼저 치거나 쏘는 것.	攻擊
과학	noun	word	태초마을	science	세상을 실험으로 알아보는 공부.	科學
그냥	adverb	word	태초마을	just, simply	다른 것 없이 그대로.	
기르다	verb/adj	word	태초마을	to raise	돌보며 크게 키워요.	
길	noun/adv	word	태초마을	road, way, path	가는 곳, 다니는 곳.	
꺼내다	verb	word	태초마을	to take out	안에 있는 것을 밖으로 내요.	
꿈꾸다	verb/adj	word	태초마을	to dream	하고 싶은 일을 바라요.	
날	noun/adv	word	태초마을	day	하루. 해가 뜨고 지는 동안.	
낫다	verb/adj	word	태초마을	to heal, recover	병이나 상처가 좋아져요.	
넣다	verb/adj	word	태초마을	to put in	안으로 들어가게 해요.	
놓이다	verb	word	태초마을	to be placed	어떤 곳에 두어져 있어요.	
다	noun/adv	word	태초마을	all, everything, entirely		
단단	root/morpheme	root	태초마을	hard, solid		From 단단지 (Shuckle)
더욱	adverb	word	태초마을	even more	더 많이. 더 크게.	
데리다	verb	word	태초마을	to bring (someone)	사람을 함께 있게 해요.	
돌아오다	verb/adj	word	태초마을	to come back	원래 곳으로 다시 와요.	
동안	noun/adv	word	태초마을	during, for	어떤 때부터 때까지.	
들리다	verb/adj	word	태초마을	to be heard	소리가 귀에 와요.	
떨어뜨리다	verb	word	태초마을	to drop	들고 있던 것을 아래로 놓쳐요.	
마음껏	adverb	word	태초마을	to one's heart's content	하고 싶은 만큼 실컷.	
맡다	verb/adj	word	태초마을	to take charge	일을 책임지고 해요. · 냄새를 맡다	
머신	noun	tech	태초마을	TM, machine	기술을 가르치는 기계예요.	
메일	noun/adv	word	태초마을	mail	컴퓨터로 보내는 편지예요.	
모이다	verb/adj	word	태초마을	to gather	여러 사람이 한곳에 와요.	
목표	noun	word	태초마을	target; goal	이루거나 맞히려는 것이에요.	目標
밖	noun/adv	word	태초마을	outside	안이 아닌 곳이에요.	
배	root/morpheme	root	태초마을	ship; pear; belly	물이나 우주를 다니는 탈것 · 과일 · 몸	From 배루키 (Tyrogue)
별로	adverb	word	태초마을	not really	그렇게 많이·좋게 아니에요.	別로
보내다	verb	word	태초마을	to send	다른 곳으로 가게 해요.	
불꽃	noun/adv	word	태초마을	spark, flame	불에서 튀는 작은 빛.	
빛나다	verb	word	태초마을	to shine	빛이 나서 밝게 보여요.	
뿔충이	noun	mon	태초마을	Weedle		
서다	verb/adj	word	태초마을	to stand	발로 몸을 세우고 있어요.	
손님	noun	word	태초마을	guest	찾아온 사람.	
술	noun/adv	word	태초마을	alcohol	마시면 취하는 음료.	
시작	noun/adv	word	태초마을	start	처음으로 하는 것.	始作
신경	noun	word	태초마을	nerve	몸에서 느낌을 전하는 줄.	神經
아무것	noun	word	태초마을	anything; nothing	어떤 것이든지. 뒤에 '안/못'.	
안녕	interj	word	태초마을	hi; bye	친구에게 하는 인사.	安寧
얘기	noun	word	태초마을	talk, story	'이야기'의 줄임말.	
어린애	noun	word	태초마을	little child	나이가 어린 아이예요.	
얻다	verb/adj	word	태초마을	to obtain, get	무엇을 받거나 가지게 돼요.	
연구	noun/adv	word	태초마을	research	새로운 것을 알려고 깊이 공부하는 것.	硏究
온	noun/adv	word	태초마을	whole		
요리	noun/adv	word	태초마을	cooking	음식을 만드는 것.	料理
월	noun/adv	word	태초마을	month	달. 1월, 2월의 '월'.	
의지	noun	word	태초마을	will, determination	꼭 하겠다는 강한 마음이에요.	意志
이미	adverb	word	태초마을	already	벌써. 그 전에 끝났어요.	
인정	noun	word	태초마을	recognition; certified	좋다고, 맞다고 받아들여 줘요.	認定
입다	verb	word	태초마을	to wear	옷을 몸에 걸쳐요.	
자주	noun/adv	word	태초마을	often	여러 번, 많이.	
잠	noun/adv	word	태초마을	sleep	자는 것.	
전원	noun	word	태초마을	power (on/off)	기계를 켜고 끄는 전기예요.	電源
정	noun/adv	word	태초마을	really		
제일	noun	word	태초마을	the most; first	가장.	第一
조수	noun	tech	태초마을	assistant	옆에서 일을 도와주는 사람.	助手
줄다	verb/adj	word	태초마을	to decrease	양이나 수가 적어져요.	
즐기다	verb	word	태초마을	to enjoy	재미있게 해요.	
지도	noun	word	태초마을	map	땅 모양을 그린 그림.	地圖
질	noun/adv	word	태초마을	quality	좋고 나쁜 정도.	
차다	verb/adj	word	태초마을	to be cold; to kick	온도가 낮아요 · 발로 쳐요.	
최강	noun	word	태초마을	the strongest	가장 강해요.	最强
컴퓨터	noun/adv	word	태초마을	computer	계산하고 일하는 전자 기계.	
튀다	verb	word	태초마을	to spatter; spark	작은 것이 날아 퍼져요.	
파워	noun	word	태초마을	power	힘이에요.	
푸르다	verb/adj	word	태초마을	to be blue-green	파랗거나 초록이에요.	
플래시	noun	tech	태초마을	Flash		
하얗다	verb/adj	word	태초마을	to be white	눈처럼 흰색이에요.	
허리	noun/adv	word	태초마을	waist, back	몸의 가운데, 배와 등 높이.	
혹시	adverb	word	태초마을	by any chance	그럴 수도 있어서 묻는 말.	或是
도로	noun/adv	word	1번 도로	road	차가 다니는 길.	道路
내리다	verb/adj	word	1번 도로	to drop off, get off	아래로 가게 해요. 차에서 나와요.	
돌아가다	verb/adj	word	1번 도로	to go back	원래 곳으로 다시 가요.	
많다	verb/adj	word	1번 도로	many; much	수나 양이 커요.	
방법	noun	word	1번 도로	way; method	하는 길, 방식이에요.	方法
아저씨	noun	word	1번 도로	mister, middle-aged man	나이가 좀 많은 남자.	
주의	noun	word	1번 도로	caution, attention	조심해서 잘 봐요.	注意
포켓	noun	word	1번 도로	pocket	주머니예요. 포켓몬의 '포켓'.	
교환	noun	tech	상록시티	exchange	물건을 서로 바꾸는 것.	交換
유니언	noun	word	상록시티	union	모임, 하나로 모인 것. 유니언룸.	
그룹	noun	word	상록시티	group	함께 모인 사람들이에요.	
대전	noun	word	상록시티	battle, match	서로 싸우는 것, 배틀이에요.	對戰
설명	noun/adv	word	상록시티	explanation	알기 쉽게 말해 주는 것.	說明
프로필	noun	word	상록시티	profile	이름이나 나를 알리는 짧은 글.	
멋지다	adjective	word	상록시티	to be cool, great	아주 좋고 보기 좋아요.	
알리다	verb/adj	word	상록시티	to inform, tell	다른 사람이 알게 해요.	
준비	noun	word	상록시티	preparation	미리 갖추는 것.	準備
나중	noun	word	상록시티	later	지금 말고 뒤의 때.	
들어오다	verb	word	상록시티	to come in	밖에서 안으로 와요.	
새롭다	adjective	word	상록시티	new	전에 없던 것이에요.	
왼쪽	noun	word	상록시티	left side	왼손이 있는 쪽.	
점프	noun	word	상록시티	jump	뛰어오르는 것.	
케이블	noun	word	상록시티	cable	기계를 잇는 긴 줄이에요.	
경험치	noun	word	상록시티	experience points (EXP)	싸우면 받는 점수. 모으면 레벨 업!	
꿈먹기	noun	tech	상록시티	Dream Eater (move)	자는 상대의 꿈을 먹는 기술이에요.	
내보내다	verb	word	상록시티	to send out	밖으로 나가게 해요.	
대화	noun	word	상록시티	conversation	서로 이야기를 주고받는 것.	對話
등	noun/adv	word	상록시티	lamp; back	불빛을 내는 것. · 몸의 등	
마치	noun/adv	word	상록시티	as if		
만약	noun	word	상록시티	if	혹시 그렇다면.	萬若
멀리	adverb	word	상록시티	far away	먼 곳에요.	
바라다	verb/adj	word	상록시티	to wish; hope	그렇게 되기를 원해요.	
방식	noun	word	상록시티	method, way	하는 법, 하는 길이에요.	方式
분	noun/adv	word	상록시티	part, fraction; minute	전체를 나눈 것 · 시간의 분.	
뿌리	noun/adv	word	상록시티	root	땅속에 있는 식물의 아랫부분.	
서로	adverb	word	상록시티	each other	둘 다 상대에게.	
순서	noun	word	상록시티	order	먼저와 나중의 차례.	順序
씨	root/morpheme	root	상록시티	Mr./Ms. (after name)	이름 뒤에 붙여 높여 부르는 말.	From 이상해씨 (Bulbasaur)
억지로	adverb	word	상록시티	by force	하기 싫은데 강하게 해서.	
연결	noun	word	상록시티	connection	둘을 이어서 붙이는 것.	連結
오래	adverb	word	상록시티	for a long time	긴 시간 동안.	
이사	noun/adv	word	상록시티	moving (house)	사는 집을 옮기는 것.	移徙
조합	noun	word	상록시티	combination	여러 개를 섞어서 하나로 만드는 것.	組合
지난번	noun	word	상록시티	last time	저번, 전에 한 번.	지난番
취미	noun	word	상록시티	hobby	좋아서 쉴 때 하는 일.	趣味
카드	noun/adv	word	상록시티	cards	놀이에 쓰는 작은 종이.	
편하다	verb/adj	word	상록시티	to be comfortable	힘들지 않고 좋아요.	便하다
환영	noun	word	상록시티	welcome	반갑게 맞는 것.	歡迎
흉내내기	noun	tech	상록시티	Mimic		
보답	noun	word	2번 도로	repayment, reward	받은 것을 갚는 것이에요.	報答
싫다	adjective	word	2번 도로	to dislike	좋지 않아요.	
진화	noun	tech	상록숲	evolution	포켓몬이 다른 모습으로 크게 변해요.	進化
금방	adverb	word	상록숲	soon, right away	아주 빨리, 곧.	今方
출구	noun	word	상록숲	exit	밖으로 나가는 문이에요.	出口
가까이	adverb	word	회색시티	near, close by	멀지 않은 곳, 옆에서.	
노력	noun	word	회색시티	effort	힘을 다해 애써요.	努力
사탕	noun/adv	word	회색시티	candy	달고 작은 과자예요.	砂糖
올라가다	verb/adj	word	회색시티	to go up	아래에서 위로 가요.	
편지	noun	word	회색시티	letter	글로 써서 보내는 말.	便紙
